<?xml version="1.0" encoding="utf-8"?>
<extension type="module" version="5.0" client="site" method="upgrade">
	<name>MOD_R3D_PANNELLUM</name>
	<version>5.2.1</version>
	<creationDate>2025-09-14</creationDate>
	<author>Richard Dvorak, r3d.de</author>
	<authorUrl>https://r3d.de</authorUrl>
	<license>GPL-3.0-or-later</license>
	<title>R3D Pannellum Viewer</title>
	<description>Embed 360° Panoramas with Pannellum (Basic / Intermediate / Advanced)</description>
	<files>
		<filename module="mod_r3d_pannellum">mod_r3d_pannellum.php</filename>
		<filename>helper.php</filename>
		<folder>tmpl</folder>
		<folder>language</folder>
		<folder>forms</folder>
		<folder>media</folder>
	</files>
	<media destination="mod_r3d_pannellum" folder="media">
		<filename>demo.jpg</filename>
		<folder>pannellum</folder>	
		<filename>pannellum/pannellum.js</filename>
		<filename>pannellum/pannellum.css</filename>
	</media>
	<languages>
		<language tag="en-GB">language/en-GB/en-GB.mod_r3d_pannellum.ini</language>
		<language tag="en-GB">language/en-GB/en-GB.mod_r3d_pannellum.sys.ini</language>
		<language tag="de-DE">language/de-DE/de-DE.mod_r3d_pannellum.ini</language>
		<language tag="de-DE">language/de-DE/de-DE.mod_r3d_pannellum.sys.ini</language>
	</languages>
	<config>
		<!-- Everything below shows inside the "Module" tab -->
		<fields name="params">
			<!-- BASIC: always visible; Setup Level first -->
			<fieldset name="basic" label="Basic Settings">
				<!-- NEW: Asset loading -->
				<field
					name="useCdn"
					type="radio"
					label="Load Pannellum from CDN?"
					description="If enabled, tries to load pannellum.js from CDN (with fallback to local if it fails). If disabled, only local files are used."
					default="1">
					<option value="1">CDN (recommended, always up to date)</option>
					<option value="0">Local only (from module media)</option>
				</field>
				<field
					name="cdnVersion"
					type="text"
					label="Pannellum CDN Version"
					description="Set the major/minor version to use from the CDN (e.g. 2.5.6)."
					default="2.5.6" />
				<field
                    name="setup_note"
                    type="note"
                    label="MOD_R3D_PAN_NOTE_SETUP_TITLE"
                    description="MOD_R3D_PAN_NOTE_SETUP_DESC" />
				<field
                    name="setup_level"
                    type="list"
                    default="basic"
                    label="MOD_R3D_PAN_SETUP_LEVEL_LABEL"
                    description="MOD_R3D_PAN_SETUP_LEVEL_DESC">
					<option value="basic">Basic</option>
					<option value="intermediate">Intermediate</option>
					<option value="advanced">Advanced</option>
				</field>
				<!-- Viewer container size -->
				<field
                    name="container_width"
                    type="text"
                    label="MOD_R3D_PAN_WIDTH_LABEL"
                    description="MOD_R3D_PAN_WIDTH_DESC"
                    hint="MOD_R3D_PAN_WIDTH_HINT"
                    default="100%" />
				<field
                    name="container_height"
                    type="text"
                    label="MOD_R3D_PAN_HEIGHT_LABEL"
                    description="MOD_R3D_PAN_HEIGHT_DESC"
                    hint="MOD_R3D_PAN_HEIGHT_HINT"
                    default="500px" />
				<!-- Core inputs -->
				<field
                    name="panorama"
                    type="media"
                    label="MOD_R3D_PAN_PANORAMA_LABEL"
                    description="MOD_R3D_PAN_PANORAMA_DESC"
                    default="media/mod_r3d_pannellum/demo.jpg" />
				<field
                    name="autoload"
                    type="radio"
                    label="MOD_R3D_PAN_AUTOLOAD_LABEL"
                    description="MOD_R3D_PAN_AUTOLOAD_DESC"
                    default="1">
					<option value="1">Yes</option>
					<option value="0">No</option>
				</field>
				<field name="sp_init" type="spacer" label="MOD_R3D_PAN_INIT_LABEL" description="MOD_R3D_PAN_INIT_DESC" />
				<field name="yaw"   type="number" label="MOD_R3D_PAN_YAW_LABEL"   description="MOD_R3D_PAN_YAW_DESC"   hint="MOD_R3D_PAN_YAW_HINT"   filter="float" min="-180" max="180" step="1" />
				<field name="pitch" type="number" label="MOD_R3D_PAN_PITCH_LABEL" description="MOD_R3D_PAN_PITCH_DESC" hint="MOD_R3D_PAN_PITCH_HINT" filter="float" min="-90"  max="90"  step="1" />
				<field name="hfov"  type="number" label="MOD_R3D_PAN_HFOV_LABEL"  description="MOD_R3D_PAN_HFOV_DESC"  hint="MOD_R3D_PAN_HFOV_HINT"  filter="float" min="40"   max="120" step="1" />
				<field name="min_hfov" type="number" label="MOD_R3D_PAN_MINHFOV_LABEL" description="MOD_R3D_PAN_MINHFOV_DESC" hint="MOD_R3D_PAN_MINHFOV_HINT" filter="float" min="40"  max="160" step="1" />
				<field name="max_hfov" type="number" label="MOD_R3D_PAN_MAXHFOV_LABEL" description="MOD_R3D_PAN_MAXHFOV_DESC" hint="MOD_R3D_PAN_MAXHFOV_HINT" filter="float" min="60"  max="170" step="1" />
				<field name="sp_rotate" type="spacer" label="MOD_R3D_PAN_AR_LABEL" description="MOD_R3D_PAN_AR_DESC" />
				<field name="auto_rotate" type="number" label="MOD_R3D_PAN_AR_SPEED_LABEL" description="MOD_R3D_PAN_AR_SPEED_DESC" filter="float" default="0" />
				<field name="auto_rotate_inactivity" type="number" label="MOD_R3D_PAN_AR_INACT_LABEL" description="MOD_R3D_PAN_AR_INACT_DESC" filter="integer" default="0" />
				<field name="auto_rotate_stop"        type="number" label="MOD_R3D_PAN_AR_STOP_LABEL"  description="MOD_R3D_PAN_AR_STOP_DESC"  filter="integer" default="0" />
				<field name="sp_controls" type="spacer" label="MOD_R3D_PAN_CTRL_LABEL" description="MOD_R3D_PAN_CTRL_DESC" />
				<field name="show_zoom_ctrl"       type="radio" label="MOD_R3D_PAN_SHOWZOOM_LABEL" description="MOD_R3D_PAN_SHOWZOOM_DESC" default="1">
					<option value="1">Yes</option>
					<option value="0">No</option>
				</field>
				<field name="show_fullscreen_ctrl" type="radio" label="MOD_R3D_PAN_SHOWFS_LABEL"   description="MOD_R3D_PAN_SHOWFS_DESC"   default="1">
					<option value="1">Yes</option>
					<option value="0">No</option>
				</field>
				<field name="double_click_zoom"    type="radio" label="MOD_R3D_PAN_DBLZOOM_LABEL" description="MOD_R3D_PAN_DBLZOOM_DESC" default="">
					<option value="">Use default</option>
					<option value="1">Enable</option>
					<option value="0">Disable</option>
				</field>
				<field name="mouse_zoom"           type="radio" label="MOD_R3D_PAN_WHEEL_LABEL"   description="MOD_R3D_PAN_WHEEL_DESC"   default="">
					<option value="">Use default</option>
					<option value="1">Enable</option>
					<option value="0">Disable</option>
				</field>
				<field name="disable_keyboard_ctrl" type="radio" label="MOD_R3D_PAN_KEYBOARD_LABEL" description="MOD_R3D_PAN_KEYBOARD_DESC" default="">
					<option value="">Use default</option>
					<option value="1">Yes</option>
					<option value="0">No</option>
				</field>
				<field name="draggable"             type="radio" label="MOD_R3D_PAN_DRAG_LABEL"     description="MOD_R3D_PAN_DRAG_DESC"     default="">
					<option value="">Use default</option>
					<option value="1">Enable</option>
					<option value="0">Disable</option>
				</field>
				<field name="sp_compass" type="spacer" label="MOD_R3D_PAN_COMPASS_LABEL" description="MOD_R3D_PAN_COMPASS_DESC" />
				<field name="compass" type="radio" label="MOD_R3D_PAN_COMPASS_TOGGLE_LABEL" description="MOD_R3D_PAN_COMPASS_TOGGLE_DESC" default="">
					<option value="">Use default</option>
					<option value="1">Yes</option>
					<option value="0">No</option>
				</field>
				<field
                    name="north_offset"
                    type="number"
                    label="MOD_R3D_PAN_NORTH_LABEL"
                    description="MOD_R3D_PAN_NORTH_DESC"
                    hint="MOD_R3D_PAN_NORTH_HINT"
                    filter="float"
                    min="0" max="360" step="1" />
			</fieldset>
			<!-- INTERMEDIATE: only when intermediate or advanced -->
			<fieldset name="intermediate" label="Intermediate Settings" showon="setup_level:intermediate,advanced">
				<field name="hotspots"
                    type="subform"
                    formsource="modules/mod_r3d_pannellum/forms/hotspot.xml"
                    label="MOD_R3D_PAN_HOTSPOTS_LABEL"
                    description="MOD_R3D_PAN_HOTSPOTS_DESC"
                    multiple="true"
                    layout="joomla.form.field.subform.repeatable"
                    buttons="add,remove,drag"
                    min="0"
                    max="50" 
                />
			</fieldset>
			<!-- ADVANCED: only when advanced -->
			<fieldset name="advanced" label="Advanced Settings" showon="setup_level:advanced">
				<field name="mock_advanced" type="spacer" label="Advanced Mockup" description="Multi-scene tour settings will come here." />
			</fieldset>
		</fields>
	</config>
</extension>
